contact_id,first_name,last_name,email
4661,Cecilia,Velasco,velasco@rodrigues.fr
3765,Mariana,Ellis,ellis@rossi.org
4187,Sofie,Woods,woods@riviere.com
4941,Jeanette,Iannotti,iannotti@yahoo.com
2199,Samuel,Sorgatz,sorgatz@gmail.com
5650,Socorro,Luna,luna@hotmail.com
5889,Carolina,Murray,murray@knight.com
4842,Kayla,Moon,moon@yahoo.de
3280,Ariadna,Geisel,geisel@rangel.com
5468,Danielle,Ladeck,ladeck@scalfaro.net
3064,Tatiana,Thompson,thompson@hunt.net
4904,Caleb,Benavides,benavides@rubio.com
1299,Sandra,Hardy,hardy@web.de
5602,Lotti,Morris,morris@yahoo.co
5753,Reinhilde,White,white@voila.fr
4495,Kerry,Patel,patel@hutchinson.com
4269,Sophie,Antoine,antoine@andersen.com
2226,Martha,Girard,girard@web.de
1558,Stephanie,King,king@cervantes.com
2307,Amanda,Palmer,palmer@didier.fr
2900,Lina,Alcala,alcala@vespa.net
5695,Itzel,Murphy,murphy@muelichen.de
5708,Filippo,Parry,parry@live.com
1663,Katelyn,Cole,cole@fiebig.com
3605,Brian,Novak,novak@ford.net
4678,Cilly,Gay,gay@callegaro.it
2251,Yolanda,Snyder,snyder@gmx.de
6202,Evelin,Odonnell,odonnell@ibarra.net
3715,Ingeborg,Alba,alba@hotmail.com
4242,Marina,Madrid,
4326,Sheila,Goodwin,goodwin@yahoo.com
5560,Valeria,Rich,
4002,Dustin,Camacho,camacho@rhodes.org
3813,Amalia,Marenzio,marenzio@grupo.com
5336,Gian,Long,long@hotmail.com
4994,Stewart,Hunt,
1471,Greca,Ruiz,ruiz@carr.co
4482,Gerald,Olivera,olivera@outlook.com
3241,Jaqueline,Wallace,wallace@gmail.com
3477,John,Lane,lane@gregoire.fr
2265,Pero,Joly,joly@bernard.net
5911,Chad,Turner,turner@gmail.com
2288,Adam,Zavala,zavala@guichard.fr
4064,Tyler,Rivera,
1294,Jens,Graham,
5008,Virginia,Caetani,caetani@sosa.biz
3604,Martino,Wagner,wagner@laposte.net
3263,Martin,Meyer,meyer@davis.co
5631,Marguerite,Walls,walls@martinez.fr
2851,Peter,Vogt,vogt@yahoo.com
3714,Nicholas,Christian,christian@hotmail.de
1664,Susi,Steinberg,steinberg@preiss.com
5027,Tammy,Ramazzotti,ramazzotti@gmail.com
3070,Abdul,Thomas,thomas@vasari.com
4248,Justin,Luxardo,luxardo@googlemail.com
2034,Antonio,Gibson,gibson@faust.net
4085,Jeremy,Gomez,gomez@oconnor.org
3569,Raymond,Solorzano,solorzano@gmail.com
3889,Flora,Harris,harris@hotmail.com
3136,Cheryl,Boyd,boyd@segni.it
2103,Rhys,Leiva,leiva@gmx.de
2329,Mariano,Prieto,prieto@vodafone.it
3325,Laurie,Fibonacci,fibonacci@gmail.com
3131,David,Rudolph,rudolph@nelson.com
4995,Bryan,Ross,ross@yahoo.com
3631,Ubaldo,Brown,brown@philippe.com
5373,Clelia,Faulkner,faulkner@hotmail.com
3126,Sara,Erickson,erickson@yahoo.de
2194,Rupert,Valle,valle@filogamo.it
2906,Puccio,Kitzmann,kitzmann@yahoo.com
2611,Thomas,Hutchinson,hutchinson@gmx.de
2374,Abelardo,Castro,castro@gmail.com
3254,Greco,Walker,walker@yahoo.com
3571,Miranda,Lacombe,
2812,Diana,Schuchhardt,schuchhardt@libero.it
3961,Stacey,Knox,knox@corporacin.com
3872,Glen,Faivre,faivre@yahoo.com
4736,Andrew,Torres,
5119,Denny,Fritz,fritz@despacho.biz
5725,Martyn,Caldera,caldera@hotmail.co
4037,Abigail,Foster,foster@taylor.net
2109,Anthony,Hauffer,hauffer@tlustek.org
3283,Roger,Gerlach,
6181,Christopher,Poirier,poirier@hotmail.com
3251,Branka,Traore,traore@jacobi.com
3443,Briana,Etienne,
2988,Brandon,Olson,
1673,Celia,Ungaretti,ungaretti@fox.com
2085,Barbara,Guibert,
1672,Daniela,Bell,bell@vollbrecht.org
4426,Phyllis,Gurule,
3211,Alejandra,Joseph,
3190,Giulio,Bohlander,bohlander@dbmail.com
2081,Amber,Weller,weller@toso.eu
3185,Mary,Etzold,
5044,Amy,Georges,georges@raedel.de
1883,Jennifer,Giraud,giraud@yahoo.com
2067,Rosie,Peltier,peltier@voila.fr
4604,Oreste,Ward,ward@proyectos.com
3203,Luis,Edwards,edwards@live.com
5758,Fiona,Griffiths,
5755,Sally,Raya,raya@tarchetti.it
5150,Carolyn,Charpentier,charpentier@hotmail.de
4181,Nathalie,Alvarez,alvarez@live.com
3006,Abril,Lowery,lowery@novak.net
4865,Ottone,Sullivan,
2862,Esmeralda,Sollima,sollima@visintini.it
6070,Silvia,Gierschner,gierschner@tele2.it
5300,Kyle,Cunningham,cunningham@voila.fr
3486,Anel,Carpentier,
5989,Sarah,Davis,davis@david.com
2849,Luke,Klein,klein@hotmail.com
1612,Gudrun,Mueller,
3307,Melissa,Canali,canali@libero.it
5288,Gabrielle,Ayala,ayala@hotmail.com
6026,Laura,Buckley,buckley@ryan.org
2212,Wilfrido,Lorch,lorch@leclerc.fr
4591,Robert,Bruder,bruder@manzoni.com
2771,Phillip,Soliz,soliz@outlook.com
5682,Alex,Smith,smith@fournier.fr
5368,Jessica,Martinez,martinez@salieri.com
3706,Kelly,Carter,carter@hotmail.com
4034,Ahmad,Sosa,sosa@gmail.com
3209,Toralf,Iglesias,iglesias@borrego.com
2384,Irene,Anichini,anichini@yahoo.com
3074,Alicia,Cainero,cainero@yahoo.com
2031,Tracey,Laboy,laboy@bell.biz
5873,Donald,Reynaud,reynaud@green.edu
5501,Venancio,Stadelmann,stadelmann@gmx.de
3489,Seth,Olivier,olivier@yahoo.com
4210,Dennis,Boaga,boaga@gmx.de
6151,Pedro,Wilson,wilson@outlook.com
6047,Roland,Weihmann,weihmann@gmail.com
5445,Hector,Morrison,morrison@web.de
5493,Evangelos,Peters,peters@sanchez.net
6036,Gerardo,Hamilton,hamilton@libero.it
2368,Meta,Cuzzocrea,
1501,Alma,Raymond,raymond@tin.it
4351,Kathleen,Solimena,solimena@wallace.biz
3096,Zacharie,Cordier,cordier@gmail.com
6162,Riza,Techer,techer@yahoo.com
1433,Enrique,Guillen,guillen@hotmail.co
2720,Tristan,Weeks,weeks@pena.com
5251,Natalie,Lerma,lerma@boucher.com
1797,Rodney,Hamon,hamon@hotmail.com
1656,Adalberto,Lombardo,lombardo@sfr.fr
1346,Florencia,Querini,querini@gmail.com
2989,Liam,Rolland,rolland@yahoo.fr
5629,Ian,Kelly,kelly@reeves.com
3456,Mehdi,Todd,todd@web.de
3229,Rembrandt,Liguori,liguori@davis.org
2277,Irmi,Schweitzer,schweitzer@ozuna.com
1276,Gioffre,Stein,stein@hotmail.com
3694,Frida,Villarreal,villarreal@hotmail.de
2260,Steffen,Mangold,mangold@paul.net
5374,Elias,Marin,marin@herve.net
4420,Roman,Gonzalez,gonzalez@anderson.net
3849,Reina,Middleton,middleton@hotmail.com
1638,Sandro,Moran,moran@hotmail.de
5230,Gebhard,Thanel,thanel@gmail.com
1763,Antonino,Bolander,bolander@gmail.com
4323,Karl,Trevisani,trevisani@anguissola.it
5256,Silvester,Brookes,brookes@franco.org
4836,Octavio,Pratt,pratt@web.de
5981,Rebecca,Greer,greer@hotmail.com
1463,Pierina,Gaggini,gaggini@free.fr
4577,Robin,Schleich,
4951,Sergio,Abbott,abbott@moore.net
3567,Gilberto,Evans,
5475,James,Elliott,elliott@gmail.com
2114,Timoteo,Bolnbach,bolnbach@laboratorios.com
5216,Tonino,Stanley,stanley@hotmail.com
1665,Margaretha,Murialdo,murialdo@meunier.com
6051,Bianca,Drubin,drubin@libero.it
3983,Kaylee,Hoffmann,hoffmann@poulain.com
2966,Teresa,Vecellio,vecellio@yahoo.com
4478,Emine,Tacchini,tacchini@dbmail.com
4238,Dawn,Cortez,cortez@gmail.com
4404,Emily,Cundari,cundari@clark.com
5666,Eleanor,Hall,hall@hotmail.com
3691,Monique,Delgadillo,delgadillo@hotmail.co
2703,Arnaude,Warner,warner@gmail.com
4253,Jason,Howell,howell@gmx.de
5652,Nicole,Mccullough,mccullough@hall.com
3279,Rosmarie,Esquibel,esquibel@bouygtel.fr
3233,Leonor,Ferreira,ferreira@gmail.com
3017,Brett,Jones,jones@alice.it
3482,Nino,Bien,bien@gmail.com
2166,Jemma,Tate,tate@hotmail.de
4146,Denis,Rogers,rogers@poste.it
2651,Vanesa,Khan,khan@voila.fr
1409,Victoria,Ojeda,ojeda@doehn.com
3717,Eugenio,Martin,martin@yahoo.de
3963,Nancy,Hayes,hayes@hotmail.com
2152,Lara,Jacob,jacob@buckley.org
2974,Gino,Hernandez,hernandez@covarrubias.com
1268,Vicente,Tijerina,tijerina@montanariello.com
1822,Michele,Brambilla,brambilla@yahoo.com
5066,Dana,Ritacca,ritacca@gmail.com
5075,Mitchell,Bachmann,
3855,Vincenza,Key,key@adams.com
5923,Salvador,Gaillard,gaillard@yahoo.de
1867,Diane,Rogner,rogner@kelly.co
4376,Josette,Laine,
2785,Courtney,Fiebig,fiebig@doerschner.com
5884,Hugues,Oliver,oliver@stiffel.com
2441,Espartaco,Willis,willis@hotmail.com
1243,Flavia,Yoder,yoder@hotmail.de
3411,Casey,Flores,flores@baggio.org
2467,Calogero,Cross,cross@mercantini.it
1850,Charles,Begum,begum@laboratorios.info
2604,Adina,Pollard,pollard@outlook.com
1693,Natasha,Lara,lara@outlook.com
2969,Benita,Pottier,pottier@sfr.fr
1544,Elizabeth,Valdivia,valdivia@gmail.com
4149,Mattia,Huet,huet@aol.de
3463,Geza,Howard,howard@voila.fr
2939,Lauren,Guillaume,guillaume@sorgatz.org
2202,Joanna,Baxter,
1728,Tracy,Metz,metz@bryant.info
5362,Birgit,Pena,pena@armellini.it
4840,Elvira,Papafava,papafava@ifrance.com
2955,Ernest,Delorme,delorme@dowerg.de
5354,Christy,Grossi,
3847,Hermelinda,Olmos,olmos@portillo.com
3025,Herbert,Fraser,fraser@holloway.org
1615,Giancarlo,Heydrich,heydrich@hotmail.com
5154,Constance,Maldonado,maldonado@spiess.net
5005,Giampiero,Carlier,carlier@hotmail.com
1349,Carlo,Jacquot,jacquot@hotmail.com
3670,Gabriel,Robles,robles@yahoo.com
2912,Gerd,Gunpf,gunpf@gmail.com
4336,Ashley,Hellwig,hellwig@libero.it
5576,Patrick,Rosas,rosas@yahoo.com
2736,Lilla,Leonard,leonard@jungfer.com
3321,Tony,Nicolas,
3353,Allegra,Benedetti,benedetti@miller.com
2336,Camille,Tafuri,tafuri@aol.de
4369,Juan,Wheeler,wheeler@gilmore.net
4464,Leopoldo,Johnson,johnson@hotmail.com
5626,Dietmar,Grenier,grenier@tele2.it
1669,Leonid,Scholl,scholl@collin.com
5544,Olivie,Contarini,
6078,Jeffery,Lacroix,lacroix@medina.org
2580,Edeltraud,Chavez,chavez@hotmail.com
3592,Mesut,Morvan,morvan@gmail.com
4914,Gregory,Jackson,jackson@ortiz.com
3848,Nicola,Rossi,rossi@berry.org
2619,Eddie,Collazo,collazo@gmail.com
4605,Philippe,Gardner,
6147,Roy,Fox,fox@tejeda.com
1383,Heiderose,Garcia,garcia@noos.fr
1757,Claudine,Rowley,rowley@industrias.com
4390,Astrid,Roht,roht@fastwebnet.it
4165,Auguste,Burnett,burnett@yahoo.fr
4529,Pellegrino,Allen,allen@gmail.com
6084,Angela,Bowers,bowers@laboratorios.com
2916,Michael,Descamps,descamps@gmail.com
2005,Heidelore,Kennedy,kennedy@guinizzelli.org
2261,Lucrezia,Koch,koch@petit.com
5342,Ivan,Accardo,accardo@web.de
4087,Karen,Avogadro,avogadro@yahoo.com
2761,Laetitia,Gallet,gallet@aubry.org
2908,Amico,Gosselin,gosselin@shaw.info
2155,Ilaria,Bowen,bowen@hotmail.it
5642,Marlen,Coardi,coardi@colletti.eu
6217,Rafael,Alexander,alexander@jenkins.com
4222,Herma,Gabbana,gabbana@hotmail.com
4798,Zachary,Vespucci,vespucci@industrias.com
5660,Marisol,Richard,richard@gmail.com
5000,Joseph,Glover,glover@laposte.net
2809,Lauretta,Neal,neal@hotmail.de
3349,Simone,Sauvage,sauvage@yahoo.com
3647,Ramona,Brooks,brooks@kensy.de
5745,Gioele,Schwital,schwital@moody.com
2583,Elena,Jimenez,jimenez@yahoo.com
5441,Pam,Vargas,vargas@guillot.net
2090,Alison,Morales,morales@lewis.com
3386,Marc,Aumann,aumann@holland.com
1816,Carla,Butler,butler@yahoo.com
4718,Dionigi,Bruce,bruce@industrias.com
1677,Frank,Henry,henry@yahoo.com
4218,Brent,Pons,pons@proyectos.net
4548,Patricia,Liebelt,liebelt@baca.org
1431,Micheletto,Sykes,
2830,Rose,Blanc,blanc@grupo.com
4400,Vincent,Singh,singh@gmail.com
5773,Jamie,Peacock,
4161,Giorgia,Dijoux,dijoux@paul.com
2062,Serena,Piacentini,piacentini@yahoo.de
3458,Dimitri,Posada,posada@gmail.com
3174,Alexa,Barillaro,barillaro@ramos.net
5565,Megan,Kuhl,kuhl@despacho.com
1906,Kaitlyn,Farinelli,farinelli@outlook.com
5479,Jonathan,Castellitto,castellitto@libero.it
4320,Lisa,Terragni,terragni@proyectos.com
4213,Olivier,Petrucelli,
3373,Jos,Trobbiani,trobbiani@samson.com
4184,Mirjam,Dawson,dawson@yahoo.com
5472,Javier,Tessier,tessier@mclaughlin.biz
5559,Mirjana,Collins,collins@hotmail.com
5419,Vanessa,Tschentscher,tschentscher@mitchell.com
4171,Antonina,Cobb,cobb@gibson.org
1302,Bernard,Durand,durand@royer.com
3520,Corey,Greggio,greggio@johnson.org
6010,Rodolfo,Couturier,couturier@tim.it
4617,Pierre,Cardenas,
1417,Romeo,Surian,surian@batista.com
4770,Ivo,Moreno,moreno@hotmail.com
4328,Federico,Marie,marie@jourdan.fr
5171,Maggie,Boito,boito@yahoo.com
4394,Brianna,Hanson,hanson@stanley.com
1794,Heiko,Bourgeois,bourgeois@togliatti.com
3510,Benito,Gritti,gritti@gmail.com
2487,Mitzy,Junk,junk@zaragoza.com
2215,Samantha,Lowe,lowe@praga.it
4136,Ernesto,Nerger,nerger@middleton.co
3723,Melinda,Canova,canova@orange.fr
5842,Mohammad,Hartung,hartung@hotmail.com
3289,Ben,Maillot,maillot@ramos.net
1249,Isabel,Pruschke,pruschke@gmail.com
5409,Linda,Franceschi,franceschi@richards.net
2951,Olivia,Striebitz,striebitz@gmail.com
3432,Penny,Watson,watson@matthews.net
2297,Manfred,James,james@davies.org
6161,Hazel,Pierce,pierce@outlook.com
4603,Alf,Bates,bates@dunn.com
5818,Scott,Gough,gough@industrias.com
4270,Konrad,Briones,briones@fierro.com
6007,Mathilde,Kruschwitz,kruschwitz@yahoo.com
4084,Irma,Gemito,gemito@googlemail.com
1340,Antoine,Guyon,guyon@yahoo.com
5675,William,Gibilisco,gibilisco@gaillard.com
2010,Judith,Butte,
6201,Joanne,Henderson,henderson@gmail.com
1791,Ludovica,Arellano,
3314,Catherine,Gray,gray@hotmail.com
5852,Franco,Fioravanti,
4618,Heather,Zimmer,zimmer@bluemel.de
2618,Hortense,Taylor,taylor@chambers.biz
4967,Livia,Ernst,ernst@colas.fr
4594,Toby,Etzler,etzler@industrias.com
2080,Ennio,Leoncavallo,leoncavallo@sanchez.org
2793,Philippine,Vaca,vaca@hotmail.com
4890,Rhonda,Phillips,phillips@yahoo.com
3528,Alphonse,Nitto,nitto@voila.fr
5810,Karina,Arreola,arreola@yahoo.com
5720,Denise,Wood,wood@mantegna.com
4593,Burghard,Rosenow,rosenow@hotmail.com
3186,Friedl,Powell,powell@laposte.net
5136,Benjamin,Schultz,
2646,Rachel,Ulibarri,ulibarri@schueler.com
3460,Silvano,Blanchet,blanchet@yahoo.com
4345,Kurt,Sauer,sauer@almanza.biz
2690,Nayeli,Gehringer,gehringer@hotmail.com
4025,Imelda,Guerin,guerin@stumpf.net
4524,Zbigniew,Holmes,holmes@stiffel.net
3978,Adela,Alfonsi,alfonsi@despacho.com
3910,Hilary,Clark,clark@libero.it
5825,Kornelius,Molina,molina@heuser.com
3564,Christian,Anderson,anderson@tim.it
2396,Francisco,Dorsey,dorsey@tiscali.fr
2140,Walli,Albert,albert@dussen.com
3079,Siegrun,Mota,
2017,Alberico,Herve,herve@beer.net
5444,Serafina,Bonnin,bonnin@mendes.com
2216,Marcelle,Bender,
1241,Hartmuth,Robertson,robertson@thomas.edu
1484,Herlinde,George,george@free.fr
3475,Pamela,Payne,payne@yahoo.com
4333,Gastone,Beyer,
5657,Lydia,Berengario,berengario@aol.de
2527,Lucy,Davidson,davidson@tele2.it
5967,Franck,Wade,wade@gute.org
5698,Heidi,Barker,barker@gmail.com
3331,Arnaldo,Ocasio,ocasio@hotmail.com
3841,Francis,Bernier,bernier@rodriguez.com
6105,Johanne,Strong,strong@yahoo.de
3895,Debra,Langlois,langlois@schmiedecke.com
1891,Reingard,Kambs,kambs@sagese.eu
1281,Mauro,Ortiz,ortiz@oquendo.net
4186,Griselda,Carranza,carranza@krause.de
2511,Janet,Madrigal,madrigal@gmail.com
4272,Jenna,Day,day@reed.com
3533,Modesto,Wright,wright@pareto.com
3618,Alice,Wall,wall@zaccardo.it
2177,Brenda,Sontag,sontag@solari.com
4102,Sergius,Mace,mace@palazzo.com
6089,Antonia,Kline,kline@gmail.com
4701,Maurice,Gumprich,gumprich@griffin.net
5645,Daniel,Anders,anders@yahoo.com
4499,Zaira,Cattaneo,cattaneo@yahoo.com
3365,Alessio,Bruneau,bruneau@hotmail.co
2290,Gerdi,Guerrero,guerrero@tele2.fr
1890,Brigitte,Stiebitz,stiebitz@gmail.com
1304,June,Sinisi,
3799,Carl,Macias,macias@yahoo.com
2749,Veronica,Trapp,trapp@tiscali.it
2028,Frances,Garnier,
2383,Terri,Iannelli,iannelli@hotmail.com
5721,Odette,Moore,moore@hall.edu
1394,Mercedes,Trujillo,trujillo@aol.de
3451,Babette,Dumas,dumas@brady.net
5512,Jerry,Santiago,
2453,Ronald,Simpson,simpson@ovadia.net
6055,Emmanuel,Dominguez,dominguez@gmail.com
5704,Christiane,Ricciardi,ricciardi@zavala.com
3707,Ingolf,Zamora,zamora@yahoo.com
2205,Rita,Sharp,
5976,Geraldine,Cabrera,
3290,Chantal,Armas,armas@jenkins.net
4257,Louis,Gilbert,gilbert@gmail.com
4588,Michelle,Collier,collier@peruzzi.it
4785,Guillermina,Nicholson,nicholson@grondin.fr
3033,Bertrand,Hopkins,hopkins@gmail.com
2779,Alonso,Palomo,palomo@gehringer.de
2131,Tina,Rodriguez,rodriguez@web.de
6229,Eva,Francis,francis@parker.org
3429,Ottavio,Rust,rust@crespi.com
1613,Amelia,Olvera,olvera@hotmail.com
4734,Paul,Palladio,palladio@mclaughlin.net
4439,Bernardo,Wieloch,wieloch@budig.com
1441,Umberto,Hicks,hicks@hill.com
5799,Janko,Bishop,bishop@tim.it
1419,Jessika,Meunier,meunier@gmx.de
3059,Isaac,Benard,benard@googlemail.com
3224,Alexandrie,Lambert,lambert@yahoo.com
3181,Roberto,Guyot,guyot@bennett.com
6061,Giulietta,Lucas,lucas@club.com
4466,Damaris,Pininfarina,pininfarina@gmail.com
6081,Fabrizia,Renard,
2159,Camillo,Dehmel,
3324,Ruggero,Parpinel,parpinel@gmail.com
3176,Stephen,Pratesi,pratesi@hotmail.com
5874,Ludger,Naccari,naccari@ingram.biz
5110,Meryem,Tapia,tapia@yahoo.com
5490,Jasmine,Juvara,juvara@yahoo.com
1922,Victoire,Travaglia,travaglia@zacchia.com
4398,Adrian,Noel,noel@perrin.com
4754,Marvin,Howe,howe@gmail.com
3309,Hanne,Kidd,kidd@yahoo.com
1244,Donatello,Millet,millet@fritsch.net
2892,Eloisa,Pascarella,pascarella@gmail.com
2777,Erica,Zambrano,zambrano@gmail.com
4952,Paula,Canales,
5144,Claudia,Bernard,bernard@mazzanti.it
5487,Paulina,Miller,
1932,Kathrin,Godfrey,godfrey@tele2.fr
3364,Pina,Passalacqua,passalacqua@yahoo.co
5165,Julien,Miles,
3858,Suzanne,Benigni,
4666,Annalisa,Pugh,pugh@hotmail.fr
2896,Mathew,Maestas,
4520,Laszlo,Vallee,vallee@verdier.com
5726,Helen,Polanco,polanco@hotmail.com
5661,Mateo,Sorrentino,sorrentino@calderon.com
4765,Eric,Barnes,
3710,Dragica,West,west@yahoo.com
4925,Antje,Voisin,voisin@gmail.com
1533,Stanley,Mills,
5264,Brandy,Meraz,meraz@yahoo.com
4606,Conor,Reinhardt,reinhardt@yahoo.com
2043,Gabino,Blot,
3871,Alvaro,Lemus,lemus@yahoo.com
6205,Patrizia,Wilms,wilms@dbmail.com
3193,Metin,Coulon,coulon@ashley.com
1810,Reece,Valencia,
4797,Troy,Schmiedecke,schmiedecke@picard.com
1487,Wendy,Bustos,bustos@libero.it
3474,Guglielmo,Caldwell,caldwell@loeffler.com
5771,Travis,Cowan,cowan@turner.info
6074,Brandi,Abbagnale,abbagnale@tele2.fr
1568,Hanno,Gollum,gollum@smith.com
4263,Jutta,Burke,burke@elliott.com
5850,Dorothe,Paz,paz@fiebig.de
5619,Desiree,Huerta,huerta@morris.com
1904,Ilse,Bray,bray@venturi.it
5388,Pierpaolo,Scaduto,
2150,Amedeo,Bradford,bradford@yahoo.com
2653,Julia,Ali,ali@yahoo.com
2687,Catalina,Pizzetti,pizzetti@tim.it
3779,Dylan,Porzio,porzio@yahoo.de
1494,Iris,Trincavelli,trincavelli@tiscali.fr
4129,Johnathan,Guidotti,
3035,Walburga,Vollbrecht,vollbrecht@aol.de
2069,Kendra,David,
5469,Aleksandr,Weiss,weiss@blanc.org
3903,Cornelio,Guardado,guardado@gmail.com
4083,Ferdi,Blackburn,blackburn@christensen.net
4003,Bill,Gallagher,gallagher@green.com
3565,Leonard,Harvey,harvey@hotmail.com
1640,Milan,Montenegro,montenegro@langern.com
4769,Philip,Perez,perez@hotmail.co
3398,Kathryn,Hentschel,hentschel@shaw.com
1865,Xavier,Samson,samson@baggio.it
5690,Hartwig,Roberts,roberts@saraceno.net
3814,Kimberly,Chan,chan@gmail.com
2942,Lorraine,Crawford,crawford@gmail.com
5095,Maximiliano,Knowles,knowles@gmail.com
2878,Gabriella,Avila,avila@gmail.com
3697,Rico,Mortati,mortati@faivre.fr
4744,Gail,Petrocelli,petrocelli@yahoo.com
2104,Liberto,Niemeier,
4883,Luciana,Petitjean,
4807,Ron,Cavazos,cavazos@yahoo.com
1372,Aldo,Cibin,cibin@gmx.de
3666,Alexandre,Serrano,serrano@yahoo.co
2066,Lori,Fagotto,
1834,Perla,Figueroa,figueroa@live.com
5853,Reginald,Hughes,hughes@gmail.com
2219,Uriel,Holt,holt@gmail.com
4148,Stefano,Lemonnier,lemonnier@binner.com
4477,Madeleine,Cooper,cooper@poste.it
1786,Alban,Barbier,barbier@ortiz.org
3455,Alfonso,Finetti,finetti@quiroz.com
5707,Ryan,Kim,kim@noos.fr
5470,Augustin,Wohlgemut,wohlgemut@watson.info
3274,Rolando,Bibi,bibi@tin.it
4613,Berthold,Randall,randall@mcdonald.com
4465,Genaro,Briand,briand@sfr.fr
1652,Rudolf,Jenkins,jenkins@hotmail.com
2100,Pauline,Ackermann,
4321,Folker,Swanson,swanson@rodrigues.fr
4168,Ashleigh,Montez,
3733,Liliana,Barber,barber@libero.it
2594,Caridad,Carr,carr@huhn.com
3909,Lolita,Borrego,borrego@gmail.com
5179,Gunar,Patrick,patrick@leroy.com
2228,Leokadia,Verdier,verdier@hotmail.com
6222,Hanna,Reid,reid@salas.org
2354,Edelgard,Kreusel,kreusel@hotmail.com
1725,Svenja,Perrin,perrin@berger.com
2960,Pierluigi,Taccola,taccola@gmx.de
2077,Cilli,Watts,watts@yahoo.com
5662,Emiliano,Wells,wells@gmx.de
3481,April,Davids,davids@fisher.info
2565,Dolores,Didier,didier@yahoo.com
4436,Sylvia,Bonomo,bonomo@poulain.com
5072,Nelly,Marsh,marsh@hotmail.it
5200,Beth,Miniati,miniati@hudson.net
4502,Renee,Merino,merino@gmail.com
4945,Hailey,Russell,russell@jourdan.org
3012,Raphaela,Gotthard,gotthard@outlook.com
6094,Pomponio,Comencini,comencini@hotmail.co
3815,Leone,Richardson,richardson@yahoo.com
4838,Valentine,Acosta,acosta@peters.net
3469,Ricciotti,Laureano,laureano@parsons.com
4874,Jacques,Heidrich,
1792,Anne,Snow,snow@gmail.com
4356,Sonia,Volta,volta@gmx.de
6196,Dale,Leblanc,leblanc@stewart.com
3578,Alejandro,Cruz,cruz@hotmail.com
4491,Elsa,Cugia,cugia@yahoo.com
3054,Geronimo,Pechel,pechel@hotmail.com
1968,Melania,Klemm,klemm@seidel.com
5869,Katherine,Cooley,cooley@yahoo.com
5858,Guillermo,Larsen,larsen@yahoo.com
5203,Jill,Barrios,barrios@gmail.com
2577,Austin,Musatti,musatti@tin.it
3216,Jacinto,Rose,rose@yahoo.com
2037,Lucie,Redi,redi@googlemail.com
3867,Tania,Chapman,chapman@remy.com
5109,Alexandria,Best,best@yahoo.co
1376,Edward,Scott,scott@yahoo.com
5260,Jake,Wiley,wiley@outlook.com
2350,Claudio,Reuter,
2269,Laure,Traetta,
3650,Magarete,Valentin,valentin@yahoo.com
3934,Paige,Hill,hill@jones.org
4048,Fulvio,Curiel,curiel@reynolds.com
4266,Thibaut,Camarillo,camarillo@hotmail.com
3863,Romana,Blanchard,blanchard@googlemail.com
4922,Thibault,Savorgnan,savorgnan@butler.biz
4517,Alexander,Pausini,pausini@gonzalez.info
3259,Pierangelo,Scholtz,scholtz@lefevre.com
3123,Emmanuelle,Keller,
3870,Isabella,Deleon,deleon@web.de
2996,Timothy,Weitzel,weitzel@gmail.com
2993,Alfredo,Ingram,ingram@hotmail.com
4556,Francesca,Kade,
2326,Tonia,Coleman,coleman@hotmail.com
4109,Gottfried,Barbe,barbe@hotmail.com
5739,Jeffrey,Trommler,trommler@yahoo.com
5887,Giacobbe,Owens,owens@huet.fr
1651,Conchita,Pagliaro,pagliaro@googlemail.com
1628,Kevin,Delahaye,
2642,Rouven,Ovadia,ovadia@gmail.com
6020,Piermaria,Laporte,laporte@wesack.com
4747,Karolin,Johann,johann@hotmail.com
5534,Steven,Folliero,folliero@noos.fr
4790,Livio,Rosselli,rosselli@green.co
4632,Gaetano,Leonardi,leonardi@despacho.com
1952,Cynthia,Robinson,robinson@gilles.net
4388,Eleni,Aponte,
5529,Noelia,Romo,romo@yahoo.com
1316,Evelyn,Haynes,haynes@clark.info
1670,Katharine,Zaccagnini,zaccagnini@hotmail.com
4909,Lea,Merle,merle@stey.de
3401,Marta,Huynh,huynh@hernandez.info
4619,Amador,Riley,riley@hotmail.com
4722,Julie,Coles,coles@hotmail.fr
2188,Beverley,Telesio,telesio@regnier.fr
5497,Corinne,Mitschke,mitschke@hauffer.net
5711,Valerie,Ortega,ortega@tele2.it
4076,Carlos,Delle,delle@hicks.com
1847,Christina,Besnard,besnard@delorme.com
2816,Rosario,Jacques,jacques@yahoo.com
5019,Celal,Fischer,fischer@aol.de
4869,Leonardo,Guzman,
3613,Clinton,Mason,mason@yahoo.com
3069,Loretta,Mallet,
2601,Lorenzo,Roero,roero@hotmail.co
2133,Lando,Gutierrez,gutierrez@heser.com
3164,Elaine,Patterson,
3897,Marcella,Govoni,govoni@barkholz.net
5663,Ettore,Amaldi,amaldi@germain.com
3879,Rufino,Gallegos,
5900,Georges,Richards,richards@macdonald.com
2272,Janice,Infantino,infantino@hotmail.com
5436,Svetlana,Montanariello,montanariello@putz.de
3676,Agnolo,Cedillo,cedillo@laboratorios.biz
4676,Hannah,Jockel,
1563,Yvonne,Stout,stout@sims.edu
4349,Anouk,Pace,pace@gmail.com
1658,Esteban,Valdez,valdez@hotmail.com
2552,Angelina,Davies,davies@hotmail.com
4847,Anastasie,Cadena,cadena@live.com
1553,Hansjoachim,Lettiere,
2632,Yeni,Tejada,tejada@olson.edu
1908,Dulce,Adinolfi,adinolfi@hotmail.com
5801,Sean,Mielcarek,mielcarek@gmail.com
1935,Omar,Fonseca,fonseca@grupo.org
2609,Henry,Gucci,gucci@leleu.fr
2740,Samira,Bottaro,bottaro@vasseur.fr
1907,Korinna,Arnold,
1831,Marcela,Ferrante,ferrante@gmx.de
5177,Douglas,Amaya,
6179,Katherina,Barrientos,barrientos@trobbiani.eu
2917,Brittany,Tran,tran@tele2.it
1486,Caroline,Reeves,reeves@yahoo.com
3735,Joe,Michaud,michaud@yahoo.fr
3838,Marco,Vittadello,vittadello@gmail.com
2430,Kim,Webb,webb@yahoo.com
2480,Eugenia,Zichichi,zichichi@yahoo.com
3431,Aurore,Rosemann,
1742,Giustino,Luzi,luzi@rolland.fr
4628,Anita,Galindo,galindo@gmail.com
2385,Gunhild,Carrillo,
2213,Rosa,Paul,paul@bien.com
5188,Marliese,Oneal,oneal@gmail.com
3418,Bethany,Hartmann,hartmann@yahoo.com
5637,Irina,Martineau,martineau@gmail.com
3530,Beatriz,Moulin,moulin@pinto.com
3731,Lucas,Austin,austin@gmail.com
3219,Carole,Nohlmans,nohlmans@yahoo.com
2392,Bozena,Schmitt,schmitt@vallet.com
5103,Aimee,Foconi,foconi@outlook.com
3992,Marzena,Carrero,carrero@roskoth.de
2442,Raisa,Poulain,poulain@fastwebnet.it
2913,Marcantonio,Bennett,bennett@hopkins.com
1631,Kenneth,Hurst,hurst@meunier.net
4073,Marisela,Mende,
4568,Blanka,Villareal,villareal@monduzzi.net
1830,Tomislav,Stoppani,stoppani@corporacin.org
2623,Krystal,Ammaniti,ammaniti@barbier.fr
4327,Deanna,Aporti,aporti@bouygtel.fr
3713,Donatella,Burns,burns@yahoo.de
2389,Margrit,Hooper,hooper@douglas.com
5141,Baccio,Marcacci,marcacci@laposte.net
3522,Alfio,Roman,roman@hotmail.co
1334,Soledad,Soto,soto@hotmail.de
4721,Josh,Cimarosa,cimarosa@hotmail.com
3768,Nath,Rico,rico@yahoo.com
1639,Gary,Armani,armani@web.de
5149,Miriam,Oquendo,
2153,Monica,Mohaupt,mohaupt@live.com
2767,Alec,Ho,
5124,Harry,Fouquet,
2097,Arcelia,Babati,babati@orange.fr
4796,Trinidad,Vespa,vespa@gmail.com
5849,Colette,Ryan,ryan@hotmail.com
1495,Richard,Andre,andre@porras.org
2462,Ellinor,Leclercq,leclercq@gmail.com
2280,Patricio,Guillon,guillon@web.de
1877,Kirsten,Chindamo,
6108,Leo,Petruzzi,petruzzi@yahoo.com
4427,Margot,Tomaselli,tomaselli@junck.org
2881,Ansaldo,Marks,
2339,Regina,Morin,morin@barcaccia.net
5156,Karla,Medici,medici@yahoo.com
4750,Morgan,Irizarry,
4852,Natividad,Wong,wong@hoevel.com
5734,Anna,Freeman,freeman@snyder.net
3801,Emilia,Vivaldi,vivaldi@garnier.fr
4474,Gerda,Cook,cook@tin.it
1992,Andrey,Faure,
5796,Charlotte,Duke,duke@ochoa.org
1373,Cindy,Castillo,castillo@virgilio.it
1879,Hiltrud,Thibault,thibault@barbe.com
3072,Kasimir,Jaime,jaime@gmail.com
4561,Sabine,Lachmann,lachmann@phillips.org
5201,Andrea,Arroyo,arroyo@yahoo.com
5871,Matthew,Velasquez,velasquez@gmail.com
3041,Severino,Linares,linares@angeli.com
5864,Swantje,Lomeli,lomeli@gmx.de
3999,Marcus,Espino,espino@comolli.eu
4849,Allen,Gates,gates@gmail.com
5461,Mauricio,Saunders,saunders@hotmail.co
5946,Gilbert,Cornejo,cornejo@hotmail.com
4508,Letizia,Gulotta,gulotta@howard.biz
5096,Etta,Gutknecht,gutknecht@leconte.net
5443,Shelley,Perry,perry@gierschner.de
2165,Geoffrey,Williams,williams@poste.it
2125,Cory,Stewart,stewart@voila.fr
6141,Kristy,Bartlett,bartlett@outlook.com
5245,Gianluca,Beck,beck@green.biz
2190,Guido,Krein,krein@gmail.com
2243,Leif,Monnier,monnier@querini.it
3336,Jonas,Badoer,badoer@kennedy.biz
3305,Devin,Ebert,ebert@yahoo.fr
6191,Slobodan,Camiscione,camiscione@hotmail.com
1326,Volkmar,Gauthier,gauthier@hotmail.com
6159,Jordan,Rowe,rowe@outlook.com
2003,Manon,Daugherty,daugherty@segre.com
5881,Estela,Segovia,segovia@vodafone.it
1918,Giada,Celentano,celentano@evans.net
2157,Clayton,Salcedo,salcedo@hotmail.co
3149,Raven,Pinto,pinto@hotmail.com
2444,Lewis,Lewis,lewis@pisano.net
6207,Rochus,Rousseau,rousseau@nguyen.com
5580,Belinda,Gamez,gamez@leleu.com
5942,Angelo,Lozano,lozano@macias.com
1592,Jorge,Monti,monti@clement.fr
2344,Ricky,Harrell,harrell@martin.edu
5995,Adriano,Wulf,wulf@schmidtke.net
5022,Pompeo,Bourdon,bourdon@gmail.com
5991,Kristie,Garrett,garrett@wernecke.com
4020,Lodovico,Conley,conley@yahoo.com
6028,Jean,Berthelot,berthelot@oscuro.it
2790,Tadeusz,Medina,
4033,Ruby,Carriera,carriera@hotmail.it
1261,Theres,Antonioni,antonioni@hotmail.com
1979,Gloria,Morton,morton@outlook.com
2122,Graziano,Jensen,jensen@gmail.com
4506,Gianpaolo,Massey,massey@bouvier.com
3016,Alain,Farmer,farmer@hotmail.it
3272,Renato,Murillo,murillo@club.com
1375,Edda,Ferraris,ferraris@libero.it
4014,Luce,Marty,marty@waehner.org
3199,Rotraud,Mitchell,mitchell@laboratorios.com
2184,Israel,Watkins,watkins@hotmail.com
2170,Nathan,Jennings,jennings@kim.com
1478,Gavin,Proietti,proietti@gmx.de
6163,Emma,Rios,rios@yahoo.com
1889,Todd,Douglas,douglas@web.de
5912,Oscar,Holsten,holsten@yahoo.com
2537,Ann,Peron,peron@grupo.biz
2118,Senta,Grassi,grassi@hotmail.com
3234,Kata,Mena,mena@gmail.com
3842,Gianfranco,Hethur,
3032,Florentine,Saraceno,saraceno@gmail.com
3238,Giuliano,Bolzmann,bolzmann@pacillo.it
2059,Alwine,Kostolzin,kostolzin@holloway.com
5238,Giacinto,Briggs,briggs@yahoo.co
2578,Holly,Negrete,negrete@hotmail.com
4789,Mark,Trapanese,trapanese@gmail.com
2357,Alyssa,Brun,
1235,Cristina,Chevalier,chevalier@proyectos.com
3558,Shannon,Lefevre,lefevre@gmail.com
1707,Logan,Hornich,hornich@tin.it
2842,Rosalia,Toro,toro@free.fr
5318,Reiner,Poerio,poerio@yahoo.com
1620,Valentina,Pages,pages@hotmail.de
4998,Enrico,Fabre,fabre@gmail.com
3111,Sevim,Begue,begue@yahoo.com
1424,Sonja,Patberg,patberg@hotmail.com
3244,Christine,Hiller,hiller@yahoo.com
4643,Maik,Beasley,
6132,Elliot,Santana,santana@gmx.de
3790,Eloy,Renzi,renzi@gmail.com
1312,Wolf,Lutz,
5686,Giuseppe,Lee,lee@mahe.org
2111,Angelica,Cuellar,
5685,Bekir,Normand,normand@yahoo.de
1905,Carmine,Gonzales,gonzales@schleich.net
3271,Marianne,Hubert,hubert@hotmail.com
4178,Gonzalo,Montes,montes@hotmail.com
3275,Shelly,Guichard,guichard@gmail.com
5713,Tobias,Carbajal,carbajal@live.com
3339,Santiago,Berry,berry@aol.de
5585,Emilio,Davenport,
4407,Maurizio,Gute,gute@knight.info
1941,Nadia,Travaglio,
4690,Elisa,Barkholz,barkholz@sfr.fr
3607,Cristal,Mazzini,mazzini@gmail.com
2670,Trevor,Granados,granados@gmail.com
5261,Matthieu,Mcdonald,mcdonald@morrison.org
4121,Juliette,Preston,preston@gmail.com
4620,Stanislaw,Montalvo,
4630,Lilia,Lollobrigida,lollobrigida@le.com
3440,Brigitta,Shaw,shaw@hotmail.co
3572,Rebeca,Frey,frey@gerard.fr
5306,Nicolas,Palacios,palacios@meraz.com
5122,Susanna,Bonneau,bonneau@klingelhoefer.de
1368,Romina,Valentine,valentine@hotmail.com
5370,Erika,Toussaint,toussaint@sfr.fr
5636,Lothar,Laurent,laurent@garcia.com
6033,Chelsea,Verdugo,verdugo@campbell.com
3599,Ria,Venier,
5566,Carly,Summers,summers@yahoo.co
1873,Pasquale,Tomasini,tomasini@hotmail.co
3904,Stefani,Ughi,ughi@hotmail.it
4453,Jose,Huang,huang@gmx.de
5481,Petros,Gaona,gaona@googlemail.com
2987,Maximilian,Siering,
2431,Ermenegildo,Holzapfel,holzapfel@aol.de
4158,Damien,Leger,leger@dixon.biz
3753,Zeferino,Barrera,
4391,Alfred,Pohl,pohl@fechner.net
2026,Marissa,Gaito,
4547,Ariana,Houston,houston@hotmail.it
2798,Victor,Jacobs,jacobs@young.com
4732,Henriette,Lang,lang@mimun.it
5126,Wilfriede,Baca,baca@caraballo.com
5151,Lucia,Riviere,riviere@samaniego.biz
2134,Gordon,Vigorelli,vigorelli@solano.com
5786,Diethard,Salgado,salgado@gmail.com
5515,Sue,Corrales,
4530,Arthur,Salazar,salazar@yahoo.com
4088,Fortunata,Schneider,schneider@tiscali.it
3667,Gretchen,Serna,serna@pichon.org
3286,Egon,Caron,caron@hotmail.com
4804,Roberta,Finzi,
5768,Editha,Savage,savage@davies.co
6098,Allan,Emanuelli,emanuelli@fernandes.org
2508,Laurence,Lucero,lucero@martin.org
5779,Istvan,Draghi,draghi@ifrance.com
1717,Luigi,Bonnet,
3368,Yuridia,Fantozzi,fantozzi@mcdonald.com
4265,Eraldo,Schmiedt,schmiedt@hotmail.de
4455,Antoinette,Cox,cox@bustamante.com
2940,Cameron,Ocampo,ocampo@hotmail.com
6144,Lynn,Lawson,lawson@leclercq.com
3657,Natalia,Seifert,seifert@ifrance.com
1537,Nuray,Anguillara,anguillara@yahoo.co
2116,Beate,Morgan,morgan@gmail.com
5102,Mario,Rees,rees@gmx.de
5815,Galasso,Junken,junken@yahoo.co
4250,Luca,Moses,moses@franke.de
4533,Aurelio,Gertz,gertz@hewitt.net
3329,Uberto,Steele,steele@outlook.com
3606,Annie,Hunter,hunter@allen.co
4749,Jo,Mccarty,mccarty@hotmail.com
2222,Eitel,Lombard,lombard@thomas.net
1939,Susan,Vigliotti,vigliotti@yahoo.co
2456,Jacqueline,Germano,germano@valette.fr
2794,Fidel,Ruppert,ruppert@yahoo.co
2648,Margaret,Eigenwillig,eigenwillig@yahoo.com
2545,Yvette,Harding,harding@yahoo.co
3273,Federigo,Karge,karge@bohlander.com
6155,Guenther,Armenta,armenta@free.fr
6064,Coriolano,Higgins,higgins@murphy.org
1729,Felix,Rubio,rubio@ebert.de
4969,Melanie,Leveque,leveque@fleury.net
3402,Abbie,Galeati,galeati@ubaldi.it
2810,Vittorio,Caccioppoli,caccioppoli@yahoo.com
2217,Biagio,Valenzuela,valenzuela@robinson.info
5140,Dario,Green,green@live.com
4497,Alwina,Textor,textor@poste.it
5100,Diether,Baeza,baeza@grupo.biz
3390,Sole,Trevino,trevino@hotmail.com
1926,Darren,Bernardi,
3264,Martina,Heser,heser@morellato.it
2573,Bethan,Giacometti,giacometti@gmail.com
3628,Ethan,Duhamel,duhamel@sfr.fr
3826,Corrado,Warren,warren@hotmail.com
5983,Damian,Pulido,pulido@yahoo.de
5678,Dino,Osborne,osborne@despacho.com
2093,Nicolaus,Bernetti,bernetti@aol.de
5333,Gianna,Carroll,carroll@perez.com
5139,Grit,Knight,knight@web.de
3173,Erin,Weinhold,weinhold@hotmail.fr
3333,Craig,Jordan,jordan@gmail.com
2262,Homero,Respighi,respighi@gmail.com
1531,Fanny,Pertile,pertile@gmail.com
4881,Fridolin,Comboni,comboni@graf.com
3928,Hugh,Cantu,cantu@libero.it
1803,Alphons,Simmons,simmons@hotmail.com
2321,Ludovico,Cafarchia,cafarchia@gmail.com
6234,Nico,Kaiser,kaiser@almonte.com
1422,Kirsty,Lamy,lamy@alonzi.it
2660,Joshua,Scheibe,scheibe@turci.org
5361,Carin,Pineau,pineau@yahoo.com
3420,Ellie,Galarza,
4337,Marion,Lira,lira@ifrance.com
2338,Aurelia,Angiolello,angiolello@lord.com
4140,Maura,Ravaglioli,ravaglioli@yahoo.com
2373,Brunhilde,Fletcher,fletcher@schomber.de
1344,Ottfried,Marques,
2141,Christelle,Blasi,
3415,Augusto,Vercelloni,
5696,Michela,Pruvost,pruvost@holt.co
1798,Guarino,Escalante,escalante@hotmail.com
1657,Gabriela,Padilla,
3651,Agathe,Dias,dias@jackson.com
3574,Werner,Kallert,kallert@gmail.com
6063,Lore,Delaunay,delaunay@yahoo.com
2404,Enzio,Campos,campos@tim.it
2705,Walther,Duarte,duarte@web.de
5059,Adelgunde,Trevisan,trevisan@gmail.com
5466,Thierry,Schwartz,schwartz@travaglio.net
5821,Katie,Andersen,andersen@haney.com
5385,Kathy,Zamorani,zamorani@hotmail.com
3506,Giuseppina,Tanguy,tanguy@wanadoo.fr
5427,Jack,Klapp,klapp@hotmail.com
6142,Tom,Leconte,
2873,Bonnie,Cignaroli,cignaroli@yahoo.com
3916,Danny,Farrell,farrell@hotmail.com
1687,Fiorenzo,Bauer,bauer@gmail.com
1542,Randy,Alfieri,alfieri@verri.org
3087,Tim,Bradley,bradley@schlosser.de
3857,Yves,Mendez,mendez@gmail.com
5921,Raffaella,Esquivel,esquivel@gmail.com
3144,Lawrence,Vasari,vasari@castillo.edu
2676,Sam,Adams,adams@yahoo.com
3646,Mirco,Nicolini,nicolini@blin.net
1321,Graham,Bajardi,bajardi@yahoo.com
1399,Luc,Quinn,quinn@walker.com
3169,Stella,Ullrich,ullrich@hotmail.com
2058,Calcedonio,Remy,
1300,Nanni,Almaraz,almaraz@martin.com
2075,Pascual,Corradi,corradi@lopez.net
2984,Kristi,Grant,grant@yahoo.co
4768,Manuel,Gracia,gracia@trussardi.eu
3682,Gionata,Hussain,hussain@yahoo.com
5901,Maria,Nguyen,nguyen@hernadez.com
3540,Leon,Baker,baker@hotmail.com
2225,Gianmarco,Alcaraz,alcaraz@zacchia.net
1485,Derrick,Little,little@small.org
5343,Terry,Ramirez,ramirez@hotmail.co
5594,Katarina,Clarke,clarke@hotmail.com
2482,Leila,Washington,washington@gmail.com
2706,Mirko,Townsend,townsend@schmitt.com
4861,Randall,Connolly,
2961,Pia,Burgess,burgess@proyectos.org
3043,Justine,Mancini,mancini@tiscali.it
6103,Reynaldo,Wagenknecht,wagenknecht@faure.com
4708,Toni,Magrassi,magrassi@gmail.com
4395,Patrizio,Cisneros,cisneros@martinez.edu
4912,Durante,Lindner,lindner@picard.fr
2030,Rosl,Lamborghini,lamborghini@hiller.net
5235,Ugo,Harrison,
5001,Isidor,Carpenter,carpenter@chauvin.com
4093,Marie,Zoppetto,zoppetto@kallert.de
2576,Branko,Chambers,chambers@ifrance.com
6122,Alan,Pineda,pineda@proyectos.info
2813,Carmen,Oestrovsky,oestrovsky@gmail.com
3737,Shane,Fernandez,fernandez@hotmail.de
2803,Debbie,Guilbert,guilbert@berg.edu
5508,Vito,Dossi,dossi@hotmail.co
3850,Evan,Schacht,schacht@price.com
4220,Mandy,Weston,weston@free.fr
4532,Paulo,Zito,zito@nelson.biz
6013,Alberto,Girschner,girschner@laboratorios.com
3396,Giacomo,Bouvet,bouvet@gmail.com
4401,Ehrentraud,Puga,puga@laboratorios.com
2981,Cristian,Hale,hale@hotmail.co
4467,Lilija,Charles,charles@gmail.com
1377,Albert,Legendre,legendre@lee.com
5036,Marisa,Renaud,renaud@smith.org
5761,Sharon,Diallo,diallo@gmail.com
3699,Eduardo,Delattre,delattre@lynch.net
4519,Bernadette,Wang,wang@gmail.com
5395,Dina,Gibbons,gibbons@brewer.net
3057,Clara,Armstrong,armstrong@vodafone.it
2741,Elliott,Herrmann,herrmann@hotmail.com
1675,Graziella,Vidal,vidal@hotmail.com
2712,Francisca,Becerra,becerra@young.com
4527,Edeltrud,Boyer,boyer@outlook.com
1722,Julian,Noble,noble@hill.org
4330,Christophe,Bohnbach,bohnbach@ifrance.com
5219,Ippazio,Angulo,angulo@yahoo.com
4997,Grace,Kroker,kroker@hotmail.com
2239,Jared,Ferguson,ferguson@roberts.com
4587,Virginie,McLean,mclean@yahoo.com
4113,Mason,Potter,potter@gmail.com
4762,Aaron,Anaya,anaya@hotmail.com
5242,Leah,Ornelas,ornelas@gmail.com
5765,Harald,Roy,roy@web.de
2185,Micaela,Martel,martel@hotmail.com
5500,Vincentio,Sanders,sanders@voila.fr
3494,Bettina,Norbiato,
3924,Julio,Renner,renner@industrias.net
3521,Jelena,Stiffel,stiffel@trupp.de
5262,Guadalupe,Munoz,
3684,Whitney,Noack,noack@laboratorios.org
5784,Gelsomina,Migliaccio,migliaccio@junk.com
1498,Evangelista,Pereira,
6073,Gareth,Comolli,comolli@tiscali.fr
4939,Michelangelo,Hess,hess@bouygtel.fr
